-- MySQL dump 10.13  Distrib 8.0.22, for Linux (x86_64)
--
-- Host: localhost    Database: etoro-taxonomies
-- ------------------------------------------------------
-- Server version	8.0.22-0ubuntu0.20.04.3

/*!40101 SET @OLD_CHARACTER_SET_CLIENT=@@CHARACTER_SET_CLIENT */;
/*!40101 SET @OLD_CHARACTER_SET_RESULTS=@@CHARACTER_SET_RESULTS */;
/*!40101 SET @OLD_COLLATION_CONNECTION=@@COLLATION_CONNECTION */;
/*!50503 SET NAMES utf8mb4 */;
/*!40103 SET @OLD_TIME_ZONE=@@TIME_ZONE */;
/*!40103 SET TIME_ZONE='+00:00' */;
/*!40014 SET @OLD_UNIQUE_CHECKS=@@UNIQUE_CHECKS, UNIQUE_CHECKS=0 */;
/*!40014 SET @OLD_FOREIGN_KEY_CHECKS=@@FOREIGN_KEY_CHECKS, FOREIGN_KEY_CHECKS=0 */;
/*!40101 SET @OLD_SQL_MODE=@@SQL_MODE, SQL_MODE='NO_AUTO_VALUE_ON_ZERO' */;
/*!40111 SET @OLD_SQL_NOTES=@@SQL_NOTES, SQL_NOTES=0 */;

--
-- Table structure for table `exchange`
--

DROP TABLE IF EXISTS `exchange`;
/*!40101 SET @saved_cs_client     = @@character_set_client */;
/*!50503 SET character_set_client = utf8mb4 */;
CREATE TABLE `exchange` (
  `name` varchar(255) NOT NULL,
  `version` int NOT NULL,
  PRIMARY KEY (`name`)
) ENGINE=InnoDB DEFAULT CHARSET=utf8mb4 COLLATE=utf8mb4_0900_ai_ci;
/*!40101 SET character_set_client = @saved_cs_client */;

--
-- Dumping data for table `exchange`
--

LOCK TABLES `exchange` WRITE;
/*!40000 ALTER TABLE `exchange` DISABLE KEYS */;
INSERT INTO `exchange` VALUES ('na',38),('XAMM',1),('XAMS',2),('XASE',2),('XASX',11),('XBER',7),('XBKK',3),('XBSE',2),('XCNQ',1),('XCSE',2),('XDUS',6),('XETR',5),('XFRA',9),('XHAM',5),('XHAN',5),('XICE',1),('XIDX',1),('XJSE',3),('XLIM',1),('XLON',10),('XMIL',11),('XMUN',9),('XNAS',50),('XNEP',1),('XNYS',70),('XNZE',2),('XOSL',2),('XPAR',3),('XPTY',1),('XSGO',4),('XSTO',2),('XSTU',9),('XSWX',22),('XTAE',1),('XTKS',1),('XTSE',5),('XTSX',7),('XWAR',2),('XWBO',36);
/*!40000 ALTER TABLE `exchange` ENABLE KEYS */;
UNLOCK TABLES;

--
-- Table structure for table `exchange_tickers`
--

DROP TABLE IF EXISTS `exchange_tickers`;
/*!40101 SET @saved_cs_client     = @@character_set_client */;
/*!50503 SET character_set_client = utf8mb4 */;
CREATE TABLE `exchange_tickers` (
  `exchange_entity_name` varchar(255) NOT NULL,
  `tickers_name` varchar(255) NOT NULL,
  PRIMARY KEY (`exchange_entity_name`,`tickers_name`),
  KEY `FKfiqcfyyxqa9jwwos9xosu3m6b` (`tickers_name`),
  CONSTRAINT `FKfiqcfyyxqa9jwwos9xosu3m6b` FOREIGN KEY (`tickers_name`) REFERENCES `ticker` (`name`),
  CONSTRAINT `FKhaix8redtlj0ma1x2gwmuiya8` FOREIGN KEY (`exchange_entity_name`) REFERENCES `exchange` (`name`)
) ENGINE=InnoDB DEFAULT CHARSET=utf8mb4 COLLATE=utf8mb4_0900_ai_ci;
/*!40101 SET character_set_client = @saved_cs_client */;

--
-- Dumping data for table `exchange_tickers`
--

LOCK TABLES `exchange_tickers` WRITE;
/*!40000 ALTER TABLE `exchange_tickers` DISABLE KEYS */;
INSERT INTO `exchange_tickers` VALUES ('na','00241'),('XNYS','00384'),('na','01211'),('na','0700'),('na','0968'),('XNYS','2238'),('XTKS','3800'),('na','9988'),('XLON','AAL'),('XNAS','AAL'),('XWBO','AAL'),('XMIL','AAPL'),('XNAS','AAPL'),('XSGO','AAPL'),('XSWX','AAPL'),('XWBO','AAPL'),('XSWX','ABBN'),('XNYS','ABBV'),('XASX','ADA'),('XNYS','ADS'),('XNYS','ALV'),('XNAS','ALXN'),('XWBO','ALXN'),('XASX','AMD'),('XBER','AMD'),('XDUS','AMD'),('XETR','AMD'),('XFRA','AMD'),('XHAM','AMD'),('XHAN','AMD'),('XMIL','AMD'),('XMUN','AMD'),('XNAS','AMD'),('XSTU','AMD'),('XSWX','AMD'),('XWBO','AMD'),('XNYS','AMP'),('XNAS','ATVI'),('XWBO','ATVI'),('XLON','AZN'),('XSTO','AZN'),('XSWX','AZN'),('na','BABA'),('XBER','BAYN'),('XBSE','BAYN'),('XDUS','BAYN'),('XETR','BAYN'),('XFRA','BAYN'),('XHAM','BAYN'),('XHAN','BAYN'),('XMUN','BAYN'),('XSTO','BAYN'),('XSTU','BAYN'),('XSWX','BAYN'),('XWBO','BAYN'),('XNAS','BBBY'),('na','BCH'),('XNYS','BG'),('na','BIDU'),('XNYS','BIG'),('XNYS','BIO'),('XNAS','BLDP'),('XTSE','BLDP'),('XNAS','BLNK'),('XNAS','BMRN'),('XWBO','BMRN'),('XNYS','BMY'),('na','BNB'),('XTSX','BP'),('na','BTC'),('XASX','BTC'),('XNAS','BYND'),('XWBO','BYND'),('XNYS','CADE'),('XNYS','CAH'),('XASX','CAN'),('XFRA','CAN'),('XMUN','CAN'),('XSTU','CAN'),('na','China50'),('XNYS','CIT'),('XCNQ','CME'),('XFRA','CME'),('XNAS','CME'),('XSTU','CME'),('XNYS','CNC'),('XBER','CNK'),('XNYS','CNK'),('XNYS','CNX'),('XNAS','COMM'),('XNYS','COTY'),('XNYS','CPE'),('XNYS','CRM'),('XNAS','CRON'),('XTSE','CRON'),('XNAS','CRWD'),('XNAS','CSIQ'),('XNYS','CVS'),('XNYS','CVX'),('XNYS','CYH'),('na','Dash'),('XNAS','DBX'),('XWBO','DBX'),('XNYS','DKS'),('na','DLR'),('XASE','DPW'),('XBER','DPW'),('XDUS','DPW'),('XETR','DPW'),('XFRA','DPW'),('XHAM','DPW'),('XHAN','DPW'),('XMIL','DPW'),('XMUN','DPW'),('XSTU','DPW'),('XSWX','DPW'),('XWBO','DPW'),('XNYS','DTE'),('XNAS','EBAY'),('XSWX','EBAY'),('XWBO','EBAY'),('XNYS','ENC'),('XNAS','ENPH'),('na','EOS'),('XASX','EPD'),('XOSL','EQNR'),('XNYS','ETH'),('XNAS','ETSY'),('XWBO','ETSY'),('XNYS','F'),('na','FCPT'),('XNYS','FCX'),('XNYS','FDX'),('XNYS','FLR'),('XPAR','FP'),('XTSX','FP'),('XWBO','FP'),('XNYS','FSLY'),('XNYS','FVRR'),('XNYS','GE'),('XMIL','GILD'),('XNAS','GILD'),('XSGO','GILD'),('XSWX','GILD'),('XWBO','GILD'),('XTSX','GLD'),('na','GLP'),('XNYS','GNW'),('XBKK','GOLD'),('XNYS','GOLD'),('XPTY','GOLD'),('XTSE','GOLD'),('XNAS','GRMN'),('XNYS','GS'),('XLON','GSK'),('XSWX','GSK'),('XNYS','HD'),('na','HMMJ'),('XNAS','HOLX'),('XWBO','HOLX'),('XNYS','IIPR'),('XLON','INDV'),('na','JD'),('XNYS','JLL'),('XNYS','JMIA'),('XNYS','JNJ'),('XNYS','JPM'),('XNAS','KHC'),('XSWX','KHC'),('XWBO','KHC'),('XNYS','LAD'),('na','LMND'),('XNYS','LOW'),('XNAS','LPSN'),('XTAE','LPSN'),('XNAS','LRCX'),('XWBO','LRCX'),('na','LTC'),('XIDX','MARK'),('XNAS','MARK'),('XNYS','MCK'),('XNAS','MDB'),('XNEP','MDB'),('XNYS','MO'),('XASX','MPW'),('XFRA','MPW'),('XMUN','MPW'),('XSTU','MPW'),('XNYS','MRK'),('XNAS','MRNA'),('XAMM','MSFT'),('XMIL','MSFT'),('XNAS','MSFT'),('XSGO','MSFT'),('XSWX','MSFT'),('XWBO','MSFT'),('na','MStanley'),('XNYS','MTH'),('XNYS','NEE'),('XBER','NEL'),('XFRA','NEL'),('XMUN','NEL'),('XOSL','NEL'),('XSTU','NEL'),('XNAS','NEO'),('XTSE','NEO'),('XNYS','NET'),('XMIL','NFLX'),('XNAS','NFLX'),('XSWX','NFLX'),('XWBO','NFLX'),('XNYS','NIO'),('na','NSDQ100'),('XNAS','NVAX'),('XLIM','NVDA'),('XMIL','NVDA'),('XNAS','NVDA'),('XSWX','NVDA'),('XWBO','NVDA'),('XASX','NWL'),('XDUS','NWL'),('XFRA','NWL'),('XJSE','NWL'),('XMIL','NWL'),('XMUN','NWL'),('XNAS','NWL'),('na','O'),('na','OHI'),('XNYS','OMI'),('XCSE','ORSTED'),('XNAS','OSTK'),('na','PBR'),('XNYS','PFE'),('XNYS','PINS'),('XNYS','PLTR'),('XNAS','PTON'),('XNAS','PYPL'),('XSWX','PYPL'),('XWBO','PYPL'),('XNAS','QCOM'),('XSGO','QCOM'),('XSWX','QCOM'),('XWBO','QCOM'),('XNYS','QEP'),('na','QFIN'),('na','QQQ'),('XAMS','RDSB'),('XLON','RDSB'),('XSWX','RDSB'),('XNAS','REGN'),('XWBO','REGN'),('XASX','RIO'),('XLON','RIO'),('XSWX','RIO'),('XTSX','RIO'),('XASX','RMS'),('XLON','RMS'),('XPAR','RMS'),('XWBO','RMS'),('XNYS','ROG'),('XNAS','ROKU'),('na','Ryanair'),('XASX','SAN'),('XNZE','SAN'),('XPAR','SAN'),('XWAR','SAN'),('XWBO','SAN'),('XBER','SAP'),('XBSE','SAP'),('XDUS','SAP'),('XETR','SAP'),('XHAM','SAP'),('XHAN','SAP'),('XJSE','SAP'),('XMIL','SAP'),('XMUN','SAP'),('XSTU','SAP'),('XSWX','SAP'),('XTSE','SAP'),('XWBO','SAP'),('na','SBRA'),('XBKK','SE'),('XNAS','SEDG'),('XWBO','SEDG'),('XWBO','SGRE'),('XNYS','SHOP'),('XWAR','SLV'),('XNYS','SM'),('na','SNE'),('XAMS','SNOW'),('XWBO','SNOW'),('XNYS','SNX'),('na','SOXX'),('XNYS','SPCE'),('XNYS','SQ'),('XSWX','SREN'),('XNAS','STMP'),('XTSX','STMP'),('na','T'),('XASX','TLT'),('XNZE','TLT'),('XTSX','TLT'),('XBKK','TM'),('XICE','TM'),('XTSX','TM'),('XNYS','TMO'),('XNAS','TMUS'),('XSWX','TMUS'),('XWBO','TMUS'),('XNYS','TPR'),('XMIL','TRIP'),('XNAS','TRIP'),('XWBO','TRIP'),('XASE','TRX'),('XLON','TRX'),('XMIL','TSLA'),('XNAS','TSLA'),('XSWX','TSLA'),('XWBO','TSLA'),('XNAS','TTWO'),('XWBO','TTWO'),('XNYS','TWTR'),('XNYS','U'),('XNYS','UNFI'),('XNYS','UPS'),('XNYS','VEEV'),('XJSE','VOD'),('XLON','VOD'),('na','VOW3'),('XNAS','VRTX'),('XWBO','VRTX'),('XBER','VWS'),('XCSE','VWS'),('XDUS','VWS'),('XETR','VWS'),('XFRA','VWS'),('XHAM','VWS'),('XHAN','VWS'),('XMUN','VWS'),('XSTU','VWS'),('XSWX','VWS'),('XWBO','VWS'),('na','WB'),('XNAS','WBA'),('XWBO','WBA'),('XNAS','WIX'),('XNYS','WMB'),('XNYS','XI'),('XLON','XLM'),('na','XRP'),('na','XTZ'),('na','ZEC'),('XNAS','ZM');
/*!40000 ALTER TABLE `exchange_tickers` ENABLE KEYS */;
UNLOCK TABLES;

--
-- Table structure for table `hibernate_sequence`
--

DROP TABLE IF EXISTS `hibernate_sequence`;
/*!40101 SET @saved_cs_client     = @@character_set_client */;
/*!50503 SET character_set_client = utf8mb4 */;
CREATE TABLE `hibernate_sequence` (
  `next_val` bigint DEFAULT NULL
) ENGINE=InnoDB DEFAULT CHARSET=utf8mb4 COLLATE=utf8mb4_0900_ai_ci;
/*!40101 SET character_set_client = @saved_cs_client */;

--
-- Dumping data for table `hibernate_sequence`
--

LOCK TABLES `hibernate_sequence` WRITE;
/*!40000 ALTER TABLE `hibernate_sequence` DISABLE KEYS */;
INSERT INTO `hibernate_sequence` VALUES (612);
/*!40000 ALTER TABLE `hibernate_sequence` ENABLE KEYS */;
UNLOCK TABLES;

--
-- Table structure for table `taxonomies`
--

DROP TABLE IF EXISTS `taxonomies`;
/*!40101 SET @saved_cs_client     = @@character_set_client */;
/*!50503 SET character_set_client = utf8mb4 */;
CREATE TABLE `taxonomies` (
  `id` int NOT NULL,
  `identifier` varchar(255) DEFAULT NULL,
  `value` varchar(255) DEFAULT NULL,
  `version` int NOT NULL,
  `ticker_entity_name` varchar(255) DEFAULT NULL,
  PRIMARY KEY (`id`),
  KEY `FK7nvpxvs8mevskmpplf5k911v8` (`ticker_entity_name`),
  CONSTRAINT `FK7nvpxvs8mevskmpplf5k911v8` FOREIGN KEY (`ticker_entity_name`) REFERENCES `ticker` (`name`)
) ENGINE=InnoDB DEFAULT CHARSET=utf8mb4 COLLATE=utf8mb4_0900_ai_ci;
/*!40101 SET character_set_client = @saved_cs_client */;

--
-- Dumping data for table `taxonomies`
--

LOCK TABLES `taxonomies` WRITE;
/*!40000 ALTER TABLE `taxonomies` DISABLE KEYS */;
INSERT INTO `taxonomies` VALUES (4,'industry','Telecom Services',0,'DTE'),(5,'sector','Communication Services',0,'DTE'),(6,'name','Deutsche Telekom AG',0,'DTE'),(7,'industry','Other Industrial Metals & Mining',0,'RIO'),(8,'sector','Basic Materials',0,'RIO'),(9,'name','Rio Tinto Ltd',0,'RIO'),(13,'industry','Other Precious Metals & Mining',0,'MTH'),(14,'sector','Basic Materials',0,'MTH'),(15,'name','Mammoth Resources Corp',0,'MTH'),(16,'industry','Medical Devices',0,'TLT'),(17,'sector','Healthcare',0,'TLT'),(18,'name','Theralase Technologies Inc',0,'TLT'),(19,'industry','Diagnostics & Research',0,'SLV'),(20,'sector','Healthcare',0,'SLV'),(21,'name','Selvita SA Ordinary Shares',0,'SLV'),(22,'industry','Other Precious Metals & Mining',0,'GLD'),(23,'sector','Basic Materials',0,'GLD'),(24,'name','GoldON Resources Ltd',0,'GLD'),(25,'industry','na',0,'QQQ'),(26,'sector','na',0,'QQQ'),(27,'name','na',0,'QQQ'),(31,'industry','Semiconductors',0,'AMD'),(32,'sector','Technology',0,'AMD'),(33,'name','Advanced Micro Devices Inc',0,'AMD'),(34,'industry','Drug Manufacturers - General',0,'ABBV'),(35,'sector','Healthcare',0,'ABBV'),(36,'name','AbbVie Inc',0,'ABBV'),(37,'industry','Drug Manufacturers - General',0,'GILD'),(38,'sector','Healthcare',0,'GILD'),(39,'name','Gilead Sciences Inc',0,'GILD'),(40,'industry','Biotechnology',0,'REGN'),(41,'sector','Healthcare',0,'REGN'),(42,'name','Regeneron Pharmaceuticals Inc',0,'REGN'),(43,'industry','Auto & Truck Dealerships',0,'LAD'),(44,'sector','Consumer Cyclical',0,'LAD'),(45,'name','Lithia Motors Inc Class A',0,'LAD'),(46,'industry','Information Technology Services',0,'SNX'),(47,'sector','Technology',0,'SNX'),(48,'name','Synnex Corp',0,'SNX'),(49,'industry','Packaged Foods',0,'BYND'),(50,'sector','Consumer Defensive',0,'BYND'),(51,'name','Beyond Meat Inc',0,'BYND'),(52,'industry','na',0,'O'),(53,'sector','na',0,'O'),(54,'name','na',0,'O'),(55,'industry','Solar',0,'SEDG'),(56,'sector','Technology',0,'SEDG'),(57,'name','SolarEdge Technologies Inc',0,'SEDG'),(58,'industry','Solar',0,'CSIQ'),(59,'sector','Technology',0,'CSIQ'),(60,'name','Canadian Solar Inc',0,'CSIQ'),(61,'industry','Home Improvement Retail',0,'LOW'),(62,'sector','Consumer Cyclical',0,'LOW'),(63,'name','Lowe\'s Companies Inc',0,'LOW'),(64,'industry','Entertainment',0,'NFLX'),(65,'sector','Communication Services',0,'NFLX'),(66,'name','Netflix Inc',0,'NFLX'),(67,'industry','Leisure',0,'PTON'),(68,'sector','Consumer Cyclical',0,'PTON'),(69,'name','Peloton Interactive Inc',0,'PTON'),(70,'industry','Solar',0,'ENPH'),(71,'sector','Technology',0,'ENPH'),(72,'name','Enphase Energy Inc',0,'ENPH'),(73,'industry','Credit Services',0,'PYPL'),(74,'sector','Financial Services',0,'PYPL'),(75,'name','PayPal Holdings Inc',0,'PYPL'),(76,'industry','Internet Content & Information',0,'FVRR'),(77,'sector','Communication Services',0,'FVRR'),(78,'name','Fiverr International Ltd',0,'FVRR'),(79,'industry','Internet Retail',0,'ETSY'),(80,'sector','Consumer Cyclical',0,'ETSY'),(81,'name','Etsy Inc',0,'ETSY'),(82,'industry','Oil & Gas E&P',0,'ROG'),(83,'sector','Energy',0,'ROG'),(84,'name','Red Sky Energy Ltd',0,'ROG'),(85,'industry','Pharmaceutical Retailers',0,'SHOP'),(86,'sector','Healthcare',0,'SHOP'),(87,'name','Shop Apotheke Europe NV',0,'SHOP'),(88,'industry','na',0,'0968'),(89,'sector','na',0,'0968'),(90,'name','Xinyi Solar Holdings Ltd',0,'0968'),(91,'industry','Specialty Retail',0,'BIG'),(92,'sector','Consumer Cyclical',0,'BIG'),(93,'name','Big Camera Corp PCL',0,'BIG'),(94,'industry','Integrated Freight & Logistics',0,'UPS'),(95,'sector','Industrials',0,'UPS'),(96,'name','United Parcel Service Inc Class B',0,'UPS'),(97,'industry','Specialty Industrial Machinery',0,'SGRE'),(98,'sector','Industrials',0,'SGRE'),(99,'name','Siemens Gamesa Renewable Energy SA',0,'SGRE'),(100,'industry','na',0,'00241'),(101,'sector','na',0,'00241'),(102,'name','Alibaba Health Information Tec',0,'00241'),(103,'industry','Capital Markets',0,'GS'),(104,'sector','Financial Services',0,'GS'),(105,'name','Goldman Sachs Group Inc',0,'GS'),(106,'industry','Biotechnology',0,'VRTX'),(107,'sector','Healthcare',0,'VRTX'),(108,'name','Vertex Pharmaceuticals Inc',0,'VRTX'),(109,'industry','Asset Management',0,'AMP'),(110,'sector','Financial Services',0,'AMP'),(111,'name','Ameriprise Financial Inc',0,'AMP'),(112,'industry','Semiconductors',0,'NVDA'),(113,'sector','Technology',0,'NVDA'),(114,'name','NVIDIA Corp',0,'NVDA'),(115,'industry','Electrical Equipment & Parts',0,'ABBN'),(116,'sector','Industrials',0,'ABBN'),(117,'name','ABB Ltd',0,'ABBN'),(118,'industry','Software - Application',0,'SAP'),(119,'sector','Technology',0,'SAP'),(120,'name','SAP SE',0,'SAP'),(121,'industry','Health Information Services',0,'VEEV'),(122,'sector','Healthcare',0,'VEEV'),(123,'name','Veeva Systems Inc Class A',0,'VEEV'),(124,'industry','Internet Retail',0,'EBAY'),(125,'sector','Consumer Cyclical',0,'EBAY'),(126,'name','eBay Inc',0,'EBAY'),(127,'industry','Scientific & Technical Instruments',0,'GRMN'),(128,'sector','Technology',0,'GRMN'),(129,'name','Garmin Ltd',0,'GRMN'),(130,'industry','na',0,'01211'),(131,'sector','na',0,'01211'),(132,'name','na',0,'01211'),(133,'industry','Insurance - Diversified',0,'ALV'),(134,'sector','Financial Services',0,'ALV'),(135,'name','Allianz SE',0,'ALV'),(136,'industry','Banks - Diversified',0,'SAN'),(137,'sector','Financial Services',0,'SAN'),(138,'name','Banco Santander SA',0,'SAN'),(139,'industry','Internet Content & Information',0,'PINS'),(140,'sector','Communication Services',0,'PINS'),(141,'name','Pinterest Inc',0,'PINS'),(142,'industry','Home Improvement Retail',0,'HD'),(143,'sector','Consumer Cyclical',0,'HD'),(144,'name','The Home Depot Inc',0,'HD'),(145,'industry','Banks - Diversified',0,'JPM'),(146,'sector','Financial Services',0,'JPM'),(147,'name','JPMorgan Chase & Co',0,'JPM'),(148,'industry','Internet Content & Information',0,'TWTR'),(149,'sector','Communication Services',0,'TWTR'),(150,'name','Twitter Inc',0,'TWTR'),(151,'industry','na',0,'9988'),(152,'sector','na',0,'9988'),(153,'name','na',0,'9988'),(154,'industry','Specialty Retail',0,'DKS'),(155,'sector','Consumer Cyclical',0,'DKS'),(156,'name','Dick\'s Sporting Goods Inc',0,'DKS'),(157,'industry','Oil & Gas Midstream',0,'GLP'),(158,'sector','Energy',0,'GLP'),(159,'name','Global Partners LP',0,'GLP'),(160,'industry','Software - Infrastructure',0,'DBX'),(161,'sector','Technology',0,'DBX'),(162,'name','Dropbox Inc Class A',0,'DBX'),(166,'industry','na',0,'0700'),(167,'sector','na',0,'0700'),(168,'name','na',0,'0700'),(169,'industry','Insurance - Reinsurance',0,'SREN'),(170,'sector','Financial Services',0,'SREN'),(171,'name','Swiss Re AG',0,'SREN'),(172,'industry','Drug Manufacturers - General',0,'BAYN'),(173,'sector','Healthcare',0,'BAYN'),(174,'name','Bayer AG',0,'BAYN'),(175,'industry','Drug Manufacturers - General',0,'PFE'),(176,'sector','Healthcare',0,'PFE'),(177,'name','Pfizer Inc',0,'PFE'),(178,'industry','Oil & Gas E&P',0,'CRM'),(179,'sector','Energy',0,'CRM'),(180,'name','Carbon Minerals Ltd',0,'CRM'),(181,'industry','Software - Infrastructure',0,'WIX'),(182,'sector','Technology',0,'WIX'),(183,'name','Wix.com Ltd',0,'WIX'),(184,'industry','Engineering & Construction',0,'SQ'),(185,'sector','Industrials',0,'SQ'),(186,'name','Sahakol Equipment PCL',0,'SQ'),(187,'industry','Integrated Freight & Logistics',0,'FDX'),(188,'sector','Industrials',0,'FDX'),(189,'name','FedEx Corp',0,'FDX'),(190,'industry','Drug Manufacturers - Specialty & Generic',0,'CRON'),(191,'sector','Healthcare',0,'CRON'),(192,'name','Cronos Group Inc',0,'CRON'),(193,'industry','Electronic Gaming & Multimedia',0,'TTWO'),(194,'sector','Communication Services',0,'TTWO'),(195,'name','Take-Two Interactive Software Inc',0,'TTWO'),(196,'industry','REIT - Healthcare Facilities',0,'OHI'),(197,'sector','Real Estate',0,'OHI'),(198,'name','Omega Healthcare Investors Inc',0,'OHI'),(199,'industry','na',0,'FCPT'),(200,'sector','na',0,'FCPT'),(201,'name','na',0,'FCPT'),(202,'industry','Publishing',0,'FP'),(203,'sector','Communication Services',0,'FP'),(204,'name','FP Newspapers Inc',0,'FP'),(208,'industry','Internet Retail',0,'JD'),(209,'sector','Consumer Cyclical',0,'JD'),(210,'name','JD.com Inc',0,'JD'),(211,'industry','Internet Retail',0,'BABA'),(212,'sector','Consumer Cyclical',0,'BABA'),(213,'name','Alibaba Group Holding Ltd',0,'BABA'),(214,'industry','Copper',0,'FCX'),(215,'sector','Basic Materials',0,'FCX'),(216,'name','Freeport-McMoRan Inc',0,'FCX'),(217,'industry','Drug Manufacturers - General',0,'JNJ'),(218,'sector','Healthcare',0,'JNJ'),(219,'name','Johnson & Johnson',0,'JNJ'),(220,'industry','Drug Manufacturers - General',0,'GSK'),(221,'sector','Healthcare',0,'GSK'),(222,'name','GlaxoSmithKline PLC',0,'GSK'),(223,'industry','Drug Manufacturers - Specialty & Generic',0,'BIO'),(224,'sector','Healthcare',0,'BIO'),(225,'name','Biofarm SA',0,'BIO'),(226,'industry','Diagnostics & Research',0,'TMO'),(227,'sector','Healthcare',0,'TMO'),(228,'name','Thermo Fisher Scientific Inc',0,'TMO'),(229,'industry','Biotechnology',0,'ALXN'),(230,'sector','Healthcare',0,'ALXN'),(231,'name','Alexion Pharmaceuticals Inc',0,'ALXN'),(232,'industry','Medical Instruments & Supplies',0,'HOLX'),(233,'sector','Healthcare',0,'HOLX'),(234,'name','Hologic Inc',0,'HOLX'),(235,'industry','Integrated Freight & Logistics',0,'DPW'),(236,'sector','Industrials',0,'DPW'),(237,'name','Deutsche Post AG',0,'DPW'),(238,'industry','Insurance - Life',0,'GNW'),(239,'sector','Financial Services',0,'GNW'),(240,'name','Genworth Financial Inc',0,'GNW'),(241,'industry','na',0,'SNE'),(242,'sector','na',0,'SNE'),(243,'name','na',0,'SNE'),(244,'industry','na',0,'VOW3'),(245,'sector','na',0,'VOW3'),(246,'name','na',0,'VOW3'),(247,'industry','Drug Manufacturers - General',0,'AZN'),(248,'sector','Healthcare',0,'AZN'),(249,'name','AstraZeneca PLC',0,'AZN'),(250,'industry','Semiconductors',0,'QCOM'),(251,'sector','Technology',0,'QCOM'),(252,'name','Qualcomm Inc',0,'QCOM'),(253,'industry','Information Technology Services',0,'EPD'),(254,'sector','Technology',0,'EPD'),(255,'name','Empired Ltd',0,'EPD'),(256,'industry','Staffing & Employment Services',0,'MPW'),(257,'sector','Industrials',0,'MPW'),(258,'name','ManpowerGroup Inc',0,'MPW'),(259,'industry','Utilities - Regulated Electric',0,'NEE'),(260,'sector','Utilities',0,'NEE'),(261,'name','NextEra Energy Inc',0,'NEE'),(262,'industry','Other Industrial Metals & Mining',0,'CME'),(263,'sector','Basic Materials',0,'CME'),(264,'name','Canadian Metals Inc',0,'CME'),(265,'industry','Entertainment',0,'ROKU'),(266,'sector','Communication Services',0,'ROKU'),(267,'name','Roku Inc Class A',0,'ROKU'),(268,'industry','na',0,'SOXX'),(269,'sector','na',0,'SOXX'),(270,'name','na',0,'SOXX'),(271,'industry','Luxury Goods',0,'TPR'),(272,'sector','Consumer Cyclical',0,'TPR'),(273,'name','Tapestry Inc',0,'TPR'),(274,'industry','Industrial Distribution',0,'SE'),(275,'sector','Industrials',0,'SE'),(276,'name','Siam East Solutions PCL',0,'SE'),(277,'industry','Specialty Industrial Machinery',0,'BLDP'),(278,'sector','Industrials',0,'BLDP'),(279,'name','Ballard Power Systems Inc',0,'BLDP'),(280,'industry','Banks - Regional',0,'BNB'),(281,'sector','Financial Services',0,'BNB'),(282,'name','Banque Nationale de Belgique SA',0,'BNB'),(283,'industry','Oil & Gas Integrated',0,'EQNR'),(284,'sector','Energy',0,'EQNR'),(285,'name','Equinor ASA',0,'EQNR'),(286,'industry','REIT - Office',0,'DLR'),(287,'sector','Real Estate',0,'DLR'),(288,'name','Digital Realty Trust Inc',0,'DLR'),(289,'industry','Telecom Services',0,'VOD'),(290,'sector','Communication Services',0,'VOD'),(291,'name','Vodacom Group Ltd',0,'VOD'),(292,'industry','Software - Application',0,'FSLY'),(293,'sector','Technology',0,'FSLY'),(294,'name','Fastly Inc',0,'FSLY'),(295,'industry','REIT - Healthcare Facilities',0,'SBRA'),(296,'sector','Real Estate',0,'SBRA'),(297,'name','Sabra Health Care REIT Inc',0,'SBRA'),(298,'industry','Software - Application',0,'ADA'),(299,'sector','Technology',0,'ADA'),(300,'name','Adacel Technologies Ltd',0,'ADA'),(304,'industry','Alts',0,'XRP'),(305,'sector','Crypto',0,'XRP'),(306,'name','na',0,'XRP'),(307,'industry','Alts',0,'EOS'),(308,'sector','Crypto',0,'EOS'),(309,'name','na',0,'EOS'),(310,'industry','Internet Retail',0,'OSTK'),(311,'sector','Consumer Cyclical',0,'OSTK'),(312,'name','Overstock.com Inc',0,'OSTK'),(313,'industry','Telecom Services',0,'TMUS'),(314,'sector','Communication Services',0,'TMUS'),(315,'name','T-Mobile US Inc',0,'TMUS'),(316,'industry','Travel Services',0,'TRIP'),(317,'sector','Consumer Cyclical',0,'TRIP'),(318,'name','TripAdvisor Inc',0,'TRIP'),(319,'industry','Auto Manufacturers',0,'TSLA'),(320,'sector','Consumer Cyclical',0,'TSLA'),(321,'name','Tesla Inc',0,'TSLA'),(325,'industry','Other Industrial Metals & Mining',0,'NEO'),(326,'sector','Basic Materials',0,'NEO'),(327,'name','Neo Performance Materials Inc Ordinary Shares',0,'NEO'),(328,'industry','Biotechnology',0,'MRNA'),(329,'sector','Healthcare',0,'MRNA'),(330,'name','Moderna Inc',0,'MRNA'),(334,'industry','ETF',0,'HMMJ'),(335,'sector','ETF',0,'HMMJ'),(336,'name','Horizons Marijuana Life Sciences ETF',0,'HMMJ'),(337,'industry','Gold',0,'TRX'),(338,'sector','Basic Materials',0,'TRX'),(339,'name','Tanzanian Gold Corp',0,'TRX'),(340,'industry','Alts',0,'BCH'),(341,'sector','Crypto',0,'BCH'),(342,'name','na',0,'BCH'),(343,'industry','Publishing',0,'XLM'),(344,'sector','Communication Services',0,'XLM'),(345,'name','XLMedia PLC',0,'XLM'),(346,'industry','na',0,'XTZ'),(347,'sector','na',0,'XTZ'),(348,'name','na',0,'XTZ'),(349,'industry','Alts',0,'ZEC'),(350,'sector','Crypto',0,'ZEC'),(351,'name','na',0,'ZEC'),(352,'industry','Consumer Electronics',0,'AAPL'),(353,'sector','Technology',0,'AAPL'),(354,'name','Apple Inc',0,'AAPL'),(355,'industry','Biotechnology',0,'NVAX'),(356,'sector','Healthcare',0,'NVAX'),(357,'name','Novavax Inc',0,'NVAX'),(358,'industry','Healthcare Plans',0,'CNC'),(359,'sector','Healthcare',0,'CNC'),(360,'name','Centene Corp',0,'CNC'),(361,'industry','Telecom Services',0,'ZM'),(362,'sector','Communication Services',0,'ZM'),(363,'name','Zoom Video Communications Inc',0,'ZM'),(364,'industry','Footwear & Accessories',0,'ADS'),(365,'sector','Consumer Cyclical',0,'ADS'),(366,'name','adidas AG',0,'ADS'),(367,'industry','Tobacco',0,'MO'),(368,'sector','Consumer Defensive',0,'MO'),(369,'name','Altria Group Inc',0,'MO'),(370,'industry','Specialty Business Services',0,'CIT'),(371,'sector','Industrials',0,'CIT'),(372,'name','Cintas Corp',0,'CIT'),(373,'industry','Real Estate Services',0,'JLL'),(374,'sector','Real Estate',0,'JLL'),(375,'name','Jones Lang LaSalle Inc',0,'JLL'),(376,'industry','Banks - Regional',0,'BG'),(377,'sector','Financial Services',0,'BG'),(378,'name','Bawag Group AG Ordinary Shares',0,'BG'),(379,'industry','Building Materials',0,'CVX'),(380,'sector','Basic Materials',0,'CVX'),(381,'name','Cematrix Corp',0,'CVX'),(382,'industry','Oil & Gas Midstream',0,'WMB'),(383,'sector','Energy',0,'WMB'),(384,'name','Williams Companies Inc',0,'WMB'),(385,'industry','Oil & Gas Integrated',0,'PBR'),(386,'sector','Energy',0,'PBR'),(387,'name','Petroleo Brasileiro SA Petrobras ADR',0,'PBR'),(388,'industry','Electronic Gaming & Multimedia',0,'BP'),(389,'sector','Communication Services',0,'BP'),(390,'name','Backstageplay Inc',0,'BP'),(391,'industry','Oil & Gas Integrated',0,'RDSB'),(392,'sector','Energy',0,'RDSB'),(393,'name','Royal Dutch Shell PLC B',0,'RDSB'),(394,'industry','Software - Application',0,'SNOW'),(395,'sector','Technology',0,'SNOW'),(396,'name','ServiceNow Inc',0,'SNOW'),(397,'industry','Oil & Gas E&P',0,'QEP'),(398,'sector','Energy',0,'QEP'),(399,'name','QEP Resources Inc',0,'QEP'),(400,'industry','Electronics & Computer Distribution',0,'CPE'),(401,'sector','Technology',0,'CPE'),(402,'name','AV Concept Holdings Ltd',0,'CPE'),(403,'industry','Oil & Gas E&P',0,'SM'),(404,'sector','Energy',0,'SM'),(405,'name','SM Energy Co',0,'SM'),(406,'industry','Gold',0,'OMI'),(407,'sector','Basic Materials',0,'OMI'),(408,'name','Orosur Mining Inc',0,'OMI'),(409,'industry','Health Information Services',0,'NEL'),(410,'sector','Healthcare',0,'NEL'),(411,'name','NantHealth Inc',0,'NEL'),(412,'industry','Aerospace & Defense',0,'SPCE'),(413,'sector','Industrials',0,'SPCE'),(414,'name','Social Capital Hedosophia Holdings Corp Shs A',0,'SPCE'),(415,'industry','Utilities - Renewable',0,'ORSTED'),(416,'sector','Utilities',0,'ORSTED'),(417,'name','Orsted A/S',0,'ORSTED'),(418,'industry','Specialty Industrial Machinery',0,'VWS'),(419,'sector','Industrials',0,'VWS'),(420,'name','Vestas Wind Systems A/S',0,'VWS'),(421,'industry','Publishing',0,'BMY'),(422,'sector','Communication Services',0,'BMY'),(423,'name','Bloomsbury Publishing PLC',0,'BMY'),(424,'industry','Internet Content & Information',0,'BIDU'),(425,'sector','Communication Services',0,'BIDU'),(426,'name','Baidu Inc',0,'BIDU'),(427,'industry','Pharmaceutical Retailers',0,'WBA'),(428,'sector','Healthcare',0,'WBA'),(429,'name','Walgreens Boots Alliance Inc',0,'WBA'),(430,'industry','Medical Distribution',0,'MCK'),(431,'sector','Healthcare',0,'MCK'),(432,'name','McKesson Corp',0,'MCK'),(433,'industry','Medical Distribution',0,'CAH'),(434,'sector','Healthcare',0,'CAH'),(435,'name','Cardinal Health Inc',0,'CAH'),(436,'industry','Gold',0,'CVS'),(437,'sector','Basic Materials',0,'CVS'),(438,'name','Cervantes Corp Ltd',0,'CVS'),(439,'industry','Telecom Services',0,'T'),(440,'sector','Communication Services',0,'T'),(441,'name','AT&T Inc',0,'T'),(442,'industry','Alts',0,'Dash'),(443,'sector','Crypto',0,'Dash'),(444,'name','Dash',0,'Dash'),(445,'industry','Solar',0,'3800'),(446,'sector','Technology',0,'3800'),(447,'name','GCL-Poly Energy Holdings Ltd',0,'3800'),(448,'industry','Biotechnology',0,'BMRN'),(449,'sector','Healthcare',0,'BMRN'),(450,'name','Biomarin Pharmaceutical Inc',0,'BMRN'),(451,'industry','Software - Infrastructure',0,'NET'),(452,'sector','Technology',0,'NET'),(453,'name','Cloudflare Inc',0,'NET'),(457,'industry','na',0,'Ryanair'),(458,'sector','na',0,'Ryanair'),(459,'name','na',0,'Ryanair'),(460,'industry','Software - Infrastructure',0,'CRWD'),(461,'sector','Technology',0,'CRWD'),(462,'name','CrowdStrike Holdings Inc Class A',0,'CRWD'),(463,'industry','Specialty Retail',0,'BBBY'),(464,'sector','Consumer Cyclical',0,'BBBY'),(465,'name','Bed Bath & Beyond Inc',0,'BBBY'),(466,'industry','na',0,'QFIN'),(467,'sector','na',0,'QFIN'),(468,'name','na',0,'QFIN'),(469,'industry','na',0,'WB'),(470,'sector','na',0,'WB'),(471,'name','na',0,'WB'),(472,'industry','Capital Markets',0,'NWL'),(473,'sector','Financial Services',0,'NWL'),(474,'name','Netwealth Group Ltd',0,'NWL'),(475,'industry','Food Distribution',0,'UNFI'),(476,'sector','Consumer Defensive',0,'UNFI'),(477,'name','United Natural Foods Inc',0,'UNFI'),(478,'industry','Medical Care Facilities',0,'CYH'),(479,'sector','Healthcare',0,'CYH'),(480,'name','Community Health Systems Inc',0,'CYH'),(481,'industry','Communication Equipment',0,'COMM'),(482,'sector','Technology',0,'COMM'),(483,'name','CommScope Holding Co Inc',0,'COMM'),(484,'industry','na',0,'China50'),(485,'sector','na',0,'China50'),(486,'name','na',0,'China50'),(487,'industry','Engineering & Construction',0,'FLR'),(488,'sector','Industrials',0,'FLR'),(489,'name','Fluor Corp',0,'FLR'),(490,'industry','Airlines',0,'AAL'),(491,'sector','Industrials',0,'AAL'),(492,'name','American Airlines Group Inc',0,'AAL'),(493,'industry','Oil & Gas E&P',0,'STMP'),(494,'sector','Energy',0,'STMP'),(495,'name','Stamper Oil & Gas Corp',0,'STMP'),(496,'industry','Insurance - Property & Casualty',0,'LMND'),(497,'sector','Financial Services',0,'LMND'),(498,'name','Lemonade Inc',0,'LMND'),(499,'industry','Electronic Gaming & Multimedia',0,'ATVI'),(500,'sector','Communication Services',0,'ATVI'),(501,'name','Activision Blizzard Inc',0,'ATVI'),(502,'industry','Household & Personal Products',0,'COTY'),(503,'sector','Consumer Defensive',0,'COTY'),(504,'name','Coty Inc Class A',0,'COTY'),(505,'industry','Packaged Foods',0,'KHC'),(506,'sector','Consumer Defensive',0,'KHC'),(507,'name','The Kraft Heinz Co',0,'KHC'),(508,'industry','Medical Distribution',0,'TM'),(509,'sector','Healthcare',0,'TM'),(510,'name','Techno Medical PCL',0,'TM'),(511,'industry','Electronic Components',0,'GE'),(512,'sector','Technology',0,'GE'),(513,'name','Gefran SpA',0,'GE'),(514,'industry','Other Industrial Metals & Mining',0,'CNX'),(515,'sector','Basic Materials',0,'CNX'),(516,'name','Callinex Mines Inc',0,'CNX'),(517,'industry','na',0,'NSDQ100'),(518,'sector','na',0,'NSDQ100'),(519,'name','na',0,'NSDQ100'),(520,'industry','Banks - Regional',0,'CADE'),(521,'sector','Financial Services',0,'CADE'),(522,'name','Cadence Bancorp Class A',0,'CADE'),(523,'industry','Software - Application',0,'LPSN'),(524,'sector','Technology',0,'LPSN'),(525,'name','LivePerson Inc',0,'LPSN'),(529,'industry','Auto Manufacturers',0,'NIO'),(530,'sector','Consumer Cyclical',0,'NIO'),(531,'name','Nio Inc',0,'NIO'),(537,'industry','Capital Markets',0,'MStanley'),(538,'sector','Financial Services',0,'MStanley'),(539,'name','Morgan Stanley',0,'MStanley'),(540,'industry','BTC',0,'BTC'),(541,'sector','Crypto',0,'BTC'),(542,'name','na',0,'BTC'),(543,'industry','ETH',0,'ETH'),(544,'sector','Crypto',0,'ETH'),(545,'name','na',0,'ETH'),(547,'industry','Software - Infrastructure',0,'PLTR'),(548,'sector','Technology',0,'PLTR'),(549,'name','na',0,'PLTR'),(550,'industry','Alts',0,'LTC'),(551,'sector','Crypto',0,'LTC'),(552,'name','na',0,'LTC'),(553,'industry','Internet Retail',0,'JMIA'),(554,'sector','Consumer Cyclical',0,'JMIA'),(555,'name','na',0,'JMIA'),(557,'industry','Drug Manufacturers - General',0,'MRK'),(558,'sector','Healthcare',0,'MRK'),(559,'name','Merck & Co Inc',0,'MRK'),(560,'industry','REIT - Industrial',0,'IIPR'),(561,'sector','Real Estate',0,'IIPR'),(563,'name','na',0,'IIPR'),(564,'industry','na',0,'00384'),(565,'sector','na',0,'00384'),(566,'name','na',0,'00384'),(567,'industry','na',0,'2238'),(568,'sector','na',0,'2238'),(569,'name','na',0,'2238'),(570,'industry','Luxury Goods',0,'RMS'),(571,'sector','Consumer Cyclical',0,'RMS'),(572,'name','Hermes International SA',0,'RMS'),(573,'industry','Drug Manufacturers - Specialty & Generic',0,'INDV'),(574,'sector','Healthcare',0,'INDV'),(575,'name','Indivior PLC',0,'INDV'),(576,'industry','Semiconductor Equipment & Materials',0,'LRCX'),(577,'sector','Technology',0,'LRCX'),(578,'name','Lam Research Corp',0,'LRCX'),(579,'industry','Auto Manufacturers',0,'F'),(580,'sector','Consumer Cyclical',0,'F'),(581,'name','Ford Motor Co',0,'F'),(582,'industry','Trucking',0,'MSFT'),(583,'sector','Industrials',0,'MSFT'),(584,'name','Masafat for Specialised Transport Co',0,'MSFT'),(585,'industry','na',0,'XI'),(586,'sector','na',0,'XI'),(587,'name','Xiaomi Corp',0,'XI'),(588,'industry','Banks - Regional',0,'MDB'),(589,'sector','Financial Services',0,'MDB'),(590,'name','Miteri Development Bank Ltd',0,'MDB'),(591,'industry','Gold',0,'GOLD'),(592,'sector','Basic Materials',0,'GOLD'),(593,'name','Barrick Gold Corp',0,'GOLD'),(594,'industry','Paper & Paper Products',0,'ENC'),(595,'sector','Basic Materials',0,'ENC'),(596,'name','ENCE Energia y Celulosa SA',0,'ENC'),(597,'industry','na',0,'CAN'),(598,'sector','na',0,'CAN'),(599,'name','Canarc Resources Corp',0,'CAN'),(600,'industry','Medical Instruments & Supplies',0,'MARK'),(601,'sector','Healthcare',0,'MARK'),(602,'name','PT Mark Dynamics Indonesia Tbk',0,'MARK'),(603,'industry','Entertainment',0,'CNK'),(604,'sector','Communication Services',0,'CNK'),(605,'name','Cinemark Holdings Inc',0,'CNK'),(606,'industry','Software - Application',0,'U'),(607,'sector','Technology',0,'U'),(608,'name','Unity Software Inc',0,'U'),(609,'industry','Specialty Retail',0,'BLNK'),(610,'sector','Consumer Cyclical',0,'BLNK'),(611,'name','Blink Charging Co',0,'BLNK');
/*!40000 ALTER TABLE `taxonomies` ENABLE KEYS */;
UNLOCK TABLES;

--
-- Table structure for table `ticker`
--

DROP TABLE IF EXISTS `ticker`;
/*!40101 SET @saved_cs_client     = @@character_set_client */;
/*!50503 SET character_set_client = utf8mb4 */;
CREATE TABLE `ticker` (
  `name` varchar(255) NOT NULL,
  `version` int NOT NULL,
  PRIMARY KEY (`name`)
) ENGINE=InnoDB DEFAULT CHARSET=utf8mb4 COLLATE=utf8mb4_0900_ai_ci;
/*!40101 SET character_set_client = @saved_cs_client */;

--
-- Dumping data for table `ticker`
--

LOCK TABLES `ticker` WRITE;
/*!40000 ALTER TABLE `ticker` DISABLE KEYS */;
INSERT INTO `ticker` VALUES ('00241',156),('00384',66),('01211',156),('0700',156),('0968',156),('2238',66),('3800',135),('9988',156),('AAL',135),('AAPL',135),('ABBN',156),('ABBV',156),('ADA',90),('ADS',135),('ALV',90),('ALXN',156),('AMD',156),('AMP',156),('ATVI',135),('AZN',156),('BABA',156),('BAYN',90),('BBBY',135),('BCH',135),('BG',135),('BIDU',135),('BIG',90),('BIO',156),('BLDP',156),('BLNK',66),('BMRN',135),('BMY',135),('BNB',156),('BP',135),('BTC',156),('BYND',156),('CADE',135),('CAH',135),('CAN',66),('China50',69),('CIT',135),('CME',156),('CNC',69),('CNK',66),('CNX',135),('COMM',135),('COTY',135),('CPE',135),('CRM',156),('CRON',90),('CRWD',135),('CSIQ',156),('CVS',135),('CVX',135),('CYH',135),('Dash',135),('DBX',90),('DKS',90),('DLR',156),('DPW',90),('DTE',180),('EBAY',156),('ENC',66),('ENPH',156),('EOS',90),('EPD',156),('EQNR',90),('ETH',156),('ETSY',156),('F',66),('FCPT',90),('FCX',90),('FDX',156),('FLR',135),('FP',156),('FSLY',156),('FVRR',156),('GE',135),('GILD',90),('GLD',156),('GLP',156),('GNW',156),('GOLD',66),('GRMN',156),('GS',90),('GSK',90),('HD',156),('HMMJ',135),('HOLX',90),('IIPR',156),('INDV',66),('JD',156),('JLL',135),('JMIA',150),('JNJ',90),('JPM',156),('KHC',135),('LAD',90),('LMND',135),('LOW',156),('LPSN',135),('LRCX',66),('LTC',135),('MARK',66),('MCK',135),('MDB',66),('MO',135),('MPW',156),('MRK',90),('MRNA',150),('MSFT',66),('MStanley',157),('MTH',90),('NEE',156),('NEL',135),('NEO',84),('NET',135),('NFLX',156),('NIO',156),('NSDQ100',69),('NVAX',135),('NVDA',156),('NWL',135),('O',90),('OHI',156),('OMI',135),('ORSTED',135),('OSTK',156),('PBR',135),('PFE',156),('PINS',156),('PLTR',141),('PTON',156),('PYPL',156),('QCOM',156),('QEP',135),('QFIN',135),('QQQ',90),('RDSB',135),('REGN',90),('RIO',156),('RMS',66),('ROG',90),('ROKU',156),('Ryanair',69),('SAN',90),('SAP',90),('SBRA',156),('SE',156),('SEDG',156),('SGRE',156),('SHOP',156),('SLV',156),('SM',135),('SNE',90),('SNOW',135),('SNX',156),('SOXX',90),('SPCE',135),('SQ',156),('SREN',90),('STMP',69),('T',135),('TLT',90),('TM',69),('TMO',90),('TMUS',90),('TPR',156),('TRIP',90),('TRX',69),('TSLA',156),('TTWO',90),('TWTR',90),('U',66),('UNFI',135),('UPS',156),('VEEV',90),('VOD',156),('VOW3',90),('VRTX',90),('VWS',135),('WB',135),('WBA',135),('WIX',156),('WMB',135),('XI',66),('XLM',135),('XRP',90),('XTZ',69),('ZEC',135),('ZM',69);
/*!40000 ALTER TABLE `ticker` ENABLE KEYS */;
UNLOCK TABLES;

--
-- Table structure for table `ticker_exchanges`
--

DROP TABLE IF EXISTS `ticker_exchanges`;
/*!40101 SET @saved_cs_client     = @@character_set_client */;
/*!50503 SET character_set_client = utf8mb4 */;
CREATE TABLE `ticker_exchanges` (
  `ticker_entity_name` varchar(255) NOT NULL,
  `exchanges_name` varchar(255) NOT NULL,
  PRIMARY KEY (`ticker_entity_name`,`exchanges_name`),
  KEY `FK850t9eyr9h9icur6ypjaandlb` (`exchanges_name`),
  CONSTRAINT `FK16wx7atkrd9cwpsiaq9o02gr` FOREIGN KEY (`ticker_entity_name`) REFERENCES `ticker` (`name`),
  CONSTRAINT `FK850t9eyr9h9icur6ypjaandlb` FOREIGN KEY (`exchanges_name`) REFERENCES `exchange` (`name`)
) ENGINE=InnoDB DEFAULT CHARSET=utf8mb4 COLLATE=utf8mb4_0900_ai_ci;
/*!40101 SET character_set_client = @saved_cs_client */;

--
-- Dumping data for table `ticker_exchanges`
--

LOCK TABLES `ticker_exchanges` WRITE;
/*!40000 ALTER TABLE `ticker_exchanges` DISABLE KEYS */;
INSERT INTO `ticker_exchanges` VALUES ('00241','na'),('01211','na'),('0700','na'),('0968','na'),('9988','na'),('BABA','na'),('BCH','na'),('BIDU','na'),('BNB','na'),('BTC','na'),('China50','na'),('Dash','na'),('DLR','na'),('EOS','na'),('FCPT','na'),('GLP','na'),('HMMJ','na'),('JD','na'),('LMND','na'),('LTC','na'),('MStanley','na'),('NSDQ100','na'),('O','na'),('OHI','na'),('PBR','na'),('QFIN','na'),('QQQ','na'),('Ryanair','na'),('SBRA','na'),('SNE','na'),('SOXX','na'),('T','na'),('VOW3','na'),('WB','na'),('XRP','na'),('XTZ','na'),('ZEC','na'),('MSFT','XAMM'),('RDSB','XAMS'),('SNOW','XAMS'),('DPW','XASE'),('TRX','XASE'),('ADA','XASX'),('AMD','XASX'),('BTC','XASX'),('CAN','XASX'),('EPD','XASX'),('MPW','XASX'),('NWL','XASX'),('RIO','XASX'),('RMS','XASX'),('SAN','XASX'),('TLT','XASX'),('AMD','XBER'),('BAYN','XBER'),('CNK','XBER'),('DPW','XBER'),('NEL','XBER'),('SAP','XBER'),('VWS','XBER'),('GOLD','XBKK'),('SE','XBKK'),('TM','XBKK'),('BAYN','XBSE'),('SAP','XBSE'),('CME','XCNQ'),('ORSTED','XCSE'),('VWS','XCSE'),('AMD','XDUS'),('BAYN','XDUS'),('DPW','XDUS'),('NWL','XDUS'),('SAP','XDUS'),('VWS','XDUS'),('AMD','XETR'),('BAYN','XETR'),('DPW','XETR'),('SAP','XETR'),('VWS','XETR'),('AMD','XFRA'),('BAYN','XFRA'),('CAN','XFRA'),('CME','XFRA'),('DPW','XFRA'),('MPW','XFRA'),('NEL','XFRA'),('NWL','XFRA'),('VWS','XFRA'),('AMD','XHAM'),('BAYN','XHAM'),('DPW','XHAM'),('SAP','XHAM'),('VWS','XHAM'),('AMD','XHAN'),('BAYN','XHAN'),('DPW','XHAN'),('SAP','XHAN'),('VWS','XHAN'),('TM','XICE'),('MARK','XIDX'),('NWL','XJSE'),('SAP','XJSE'),('VOD','XJSE'),('NVDA','XLIM'),('AAL','XLON'),('AZN','XLON'),('GSK','XLON'),('INDV','XLON'),('RDSB','XLON'),('RIO','XLON'),('RMS','XLON'),('TRX','XLON'),('VOD','XLON'),('XLM','XLON'),('AAPL','XMIL'),('AMD','XMIL'),('DPW','XMIL'),('GILD','XMIL'),('MSFT','XMIL'),('NFLX','XMIL'),('NVDA','XMIL'),('NWL','XMIL'),('SAP','XMIL'),('TRIP','XMIL'),('TSLA','XMIL'),('AMD','XMUN'),('BAYN','XMUN'),('CAN','XMUN'),('DPW','XMUN'),('MPW','XMUN'),('NEL','XMUN'),('NWL','XMUN'),('SAP','XMUN'),('VWS','XMUN'),('AAL','XNAS'),('AAPL','XNAS'),('ALXN','XNAS'),('AMD','XNAS'),('ATVI','XNAS'),('BBBY','XNAS'),('BLDP','XNAS'),('BLNK','XNAS'),('BMRN','XNAS'),('BYND','XNAS'),('CME','XNAS'),('COMM','XNAS'),('CRON','XNAS'),('CRWD','XNAS'),('CSIQ','XNAS'),('DBX','XNAS'),('EBAY','XNAS'),('ENPH','XNAS'),('ETSY','XNAS'),('GILD','XNAS'),('GRMN','XNAS'),('HOLX','XNAS'),('KHC','XNAS'),('LPSN','XNAS'),('LRCX','XNAS'),('MARK','XNAS'),('MDB','XNAS'),('MRNA','XNAS'),('MSFT','XNAS'),('NEO','XNAS'),('NFLX','XNAS'),('NVAX','XNAS'),('NVDA','XNAS'),('NWL','XNAS'),('OSTK','XNAS'),('PTON','XNAS'),('PYPL','XNAS'),('QCOM','XNAS'),('REGN','XNAS'),('ROKU','XNAS'),('SEDG','XNAS'),('STMP','XNAS'),('TMUS','XNAS'),('TRIP','XNAS'),('TSLA','XNAS'),('TTWO','XNAS'),('VRTX','XNAS'),('WBA','XNAS'),('WIX','XNAS'),('ZM','XNAS'),('MDB','XNEP'),('00384','XNYS'),('2238','XNYS'),('ABBV','XNYS'),('ADS','XNYS'),('ALV','XNYS'),('AMP','XNYS'),('BG','XNYS'),('BIG','XNYS'),('BIO','XNYS'),('BMY','XNYS'),('CADE','XNYS'),('CAH','XNYS'),('CIT','XNYS'),('CNC','XNYS'),('CNK','XNYS'),('CNX','XNYS'),('COTY','XNYS'),('CPE','XNYS'),('CRM','XNYS'),('CVS','XNYS'),('CVX','XNYS'),('CYH','XNYS'),('DKS','XNYS'),('DTE','XNYS'),('ENC','XNYS'),('ETH','XNYS'),('F','XNYS'),('FCX','XNYS'),('FDX','XNYS'),('FLR','XNYS'),('FSLY','XNYS'),('FVRR','XNYS'),('GE','XNYS'),('GNW','XNYS'),('GOLD','XNYS'),('GS','XNYS'),('HD','XNYS'),('IIPR','XNYS'),('JLL','XNYS'),('JMIA','XNYS'),('JNJ','XNYS'),('JPM','XNYS'),('LAD','XNYS'),('LOW','XNYS'),('MCK','XNYS'),('MO','XNYS'),('MRK','XNYS'),('MTH','XNYS'),('NEE','XNYS'),('NET','XNYS'),('NIO','XNYS'),('OMI','XNYS'),('PFE','XNYS'),('PINS','XNYS'),('PLTR','XNYS'),('QEP','XNYS'),('ROG','XNYS'),('SHOP','XNYS'),('SM','XNYS'),('SNX','XNYS'),('SPCE','XNYS'),('SQ','XNYS'),('TMO','XNYS'),('TPR','XNYS'),('TWTR','XNYS'),('U','XNYS'),('UNFI','XNYS'),('UPS','XNYS'),('VEEV','XNYS'),('WMB','XNYS'),('XI','XNYS'),('SAN','XNZE'),('TLT','XNZE'),('EQNR','XOSL'),('NEL','XOSL'),('FP','XPAR'),('RMS','XPAR'),('SAN','XPAR'),('GOLD','XPTY'),('AAPL','XSGO'),('GILD','XSGO'),('MSFT','XSGO'),('QCOM','XSGO'),('AZN','XSTO'),('BAYN','XSTO'),('AMD','XSTU'),('BAYN','XSTU'),('CAN','XSTU'),('CME','XSTU'),('DPW','XSTU'),('MPW','XSTU'),('NEL','XSTU'),('SAP','XSTU'),('VWS','XSTU'),('AAPL','XSWX'),('ABBN','XSWX'),('AMD','XSWX'),('AZN','XSWX'),('BAYN','XSWX'),('DPW','XSWX'),('EBAY','XSWX'),('GILD','XSWX'),('GSK','XSWX'),('KHC','XSWX'),('MSFT','XSWX'),('NFLX','XSWX'),('NVDA','XSWX'),('PYPL','XSWX'),('QCOM','XSWX'),('RDSB','XSWX'),('RIO','XSWX'),('SAP','XSWX'),('SREN','XSWX'),('TMUS','XSWX'),('TSLA','XSWX'),('VWS','XSWX'),('LPSN','XTAE'),('3800','XTKS'),('BLDP','XTSE'),('CRON','XTSE'),('GOLD','XTSE'),('NEO','XTSE'),('SAP','XTSE'),('BP','XTSX'),('FP','XTSX'),('GLD','XTSX'),('RIO','XTSX'),('STMP','XTSX'),('TLT','XTSX'),('TM','XTSX'),('SAN','XWAR'),('SLV','XWAR'),('AAL','XWBO'),('AAPL','XWBO'),('ALXN','XWBO'),('AMD','XWBO'),('ATVI','XWBO'),('BAYN','XWBO'),('BMRN','XWBO'),('BYND','XWBO'),('DBX','XWBO'),('DPW','XWBO'),('EBAY','XWBO'),('ETSY','XWBO'),('FP','XWBO'),('GILD','XWBO'),('HOLX','XWBO'),('KHC','XWBO'),('LRCX','XWBO'),('MSFT','XWBO'),('NFLX','XWBO'),('NVDA','XWBO'),('PYPL','XWBO'),('QCOM','XWBO'),('REGN','XWBO'),('RMS','XWBO'),('SAN','XWBO'),('SAP','XWBO'),('SEDG','XWBO'),('SGRE','XWBO'),('SNOW','XWBO'),('TMUS','XWBO'),('TRIP','XWBO'),('TSLA','XWBO'),('TTWO','XWBO'),('VRTX','XWBO'),('VWS','XWBO'),('WBA','XWBO');
/*!40000 ALTER TABLE `ticker_exchanges` ENABLE KEYS */;
UNLOCK TABLES;

--
-- Table structure for table `ticker_taxonomies`
--

DROP TABLE IF EXISTS `ticker_taxonomies`;
/*!40101 SET @saved_cs_client     = @@character_set_client */;
/*!50503 SET character_set_client = utf8mb4 */;
CREATE TABLE `ticker_taxonomies` (
  `ticker_entity_name` varchar(255) NOT NULL,
  `taxonomies_id` int NOT NULL,
  PRIMARY KEY (`ticker_entity_name`,`taxonomies_id`),
  UNIQUE KEY `UK_kaqe0pf7bsfk569xbevacth2j` (`taxonomies_id`),
  CONSTRAINT `FK9iy1r2bfydqgwa38npf4urs5m` FOREIGN KEY (`ticker_entity_name`) REFERENCES `ticker` (`name`),
  CONSTRAINT `FKcfy0kc6w7bu0576yqatwydnhb` FOREIGN KEY (`taxonomies_id`) REFERENCES `taxonomies` (`id`)
) ENGINE=InnoDB DEFAULT CHARSET=utf8mb4 COLLATE=utf8mb4_0900_ai_ci;
/*!40101 SET character_set_client = @saved_cs_client */;

--
-- Dumping data for table `ticker_taxonomies`
--

LOCK TABLES `ticker_taxonomies` WRITE;
/*!40000 ALTER TABLE `ticker_taxonomies` DISABLE KEYS */;
INSERT INTO `ticker_taxonomies` VALUES ('DTE',4),('DTE',5),('DTE',6),('RIO',7),('RIO',8),('RIO',9),('MTH',13),('MTH',14),('MTH',15),('TLT',16),('TLT',17),('TLT',18),('SLV',19),('SLV',20),('SLV',21),('GLD',22),('GLD',23),('GLD',24),('QQQ',25),('QQQ',26),('QQQ',27),('AMD',31),('AMD',32),('AMD',33),('ABBV',34),('ABBV',35),('ABBV',36),('GILD',37),('GILD',38),('GILD',39),('REGN',40),('REGN',41),('REGN',42),('LAD',43),('LAD',44),('LAD',45),('SNX',46),('SNX',47),('SNX',48),('BYND',49),('BYND',50),('BYND',51),('O',52),('O',53),('O',54),('SEDG',55),('SEDG',56),('SEDG',57),('CSIQ',58),('CSIQ',59),('CSIQ',60),('LOW',61),('LOW',62),('LOW',63),('NFLX',64),('NFLX',65),('NFLX',66),('PTON',67),('PTON',68),('PTON',69),('ENPH',70),('ENPH',71),('ENPH',72),('PYPL',73),('PYPL',74),('PYPL',75),('FVRR',76),('FVRR',77),('FVRR',78),('ETSY',79),('ETSY',80),('ETSY',81),('ROG',82),('ROG',83),('ROG',84),('SHOP',85),('SHOP',86),('SHOP',87),('0968',88),('0968',89),('0968',90),('BIG',91),('BIG',92),('BIG',93),('UPS',94),('UPS',95),('UPS',96),('SGRE',97),('SGRE',98),('SGRE',99),('00241',100),('00241',101),('00241',102),('GS',103),('GS',104),('GS',105),('VRTX',106),('VRTX',107),('VRTX',108),('AMP',109),('AMP',110),('AMP',111),('NVDA',112),('NVDA',113),('NVDA',114),('ABBN',115),('ABBN',116),('ABBN',117),('SAP',118),('SAP',119),('SAP',120),('VEEV',121),('VEEV',122),('VEEV',123),('EBAY',124),('EBAY',125),('EBAY',126),('GRMN',127),('GRMN',128),('GRMN',129),('01211',130),('01211',131),('01211',132),('ALV',133),('ALV',134),('ALV',135),('SAN',136),('SAN',137),('SAN',138),('PINS',139),('PINS',140),('PINS',141),('HD',142),('HD',143),('HD',144),('JPM',145),('JPM',146),('JPM',147),('TWTR',148),('TWTR',149),('TWTR',150),('9988',151),('9988',152),('9988',153),('DKS',154),('DKS',155),('DKS',156),('GLP',157),('GLP',158),('GLP',159),('DBX',160),('DBX',161),('DBX',162),('0700',166),('0700',167),('0700',168),('SREN',169),('SREN',170),('SREN',171),('BAYN',172),('BAYN',173),('BAYN',174),('PFE',175),('PFE',176),('PFE',177),('CRM',178),('CRM',179),('CRM',180),('WIX',181),('WIX',182),('WIX',183),('SQ',184),('SQ',185),('SQ',186),('FDX',187),('FDX',188),('FDX',189),('CRON',190),('CRON',191),('CRON',192),('TTWO',193),('TTWO',194),('TTWO',195),('OHI',196),('OHI',197),('OHI',198),('FCPT',199),('FCPT',200),('FCPT',201),('FP',202),('FP',203),('FP',204),('JD',208),('JD',209),('JD',210),('BABA',211),('BABA',212),('BABA',213),('FCX',214),('FCX',215),('FCX',216),('JNJ',217),('JNJ',218),('JNJ',219),('GSK',220),('GSK',221),('GSK',222),('BIO',223),('BIO',224),('BIO',225),('TMO',226),('TMO',227),('TMO',228),('ALXN',229),('ALXN',230),('ALXN',231),('HOLX',232),('HOLX',233),('HOLX',234),('DPW',235),('DPW',236),('DPW',237),('GNW',238),('GNW',239),('GNW',240),('SNE',241),('SNE',242),('SNE',243),('VOW3',244),('VOW3',245),('VOW3',246),('AZN',247),('AZN',248),('AZN',249),('QCOM',250),('QCOM',251),('QCOM',252),('EPD',253),('EPD',254),('EPD',255),('MPW',256),('MPW',257),('MPW',258),('NEE',259),('NEE',260),('NEE',261),('CME',262),('CME',263),('CME',264),('ROKU',265),('ROKU',266),('ROKU',267),('SOXX',268),('SOXX',269),('SOXX',270),('TPR',271),('TPR',272),('TPR',273),('SE',274),('SE',275),('SE',276),('BLDP',277),('BLDP',278),('BLDP',279),('BNB',280),('BNB',281),('BNB',282),('EQNR',283),('EQNR',284),('EQNR',285),('DLR',286),('DLR',287),('DLR',288),('VOD',289),('VOD',290),('VOD',291),('FSLY',292),('FSLY',293),('FSLY',294),('SBRA',295),('SBRA',296),('SBRA',297),('ADA',298),('ADA',299),('ADA',300),('XRP',304),('XRP',305),('XRP',306),('EOS',307),('EOS',308),('EOS',309),('OSTK',310),('OSTK',311),('OSTK',312),('TMUS',313),('TMUS',314),('TMUS',315),('TRIP',316),('TRIP',317),('TRIP',318),('TSLA',319),('TSLA',320),('TSLA',321),('NEO',325),('NEO',326),('NEO',327),('MRNA',328),('MRNA',329),('MRNA',330),('HMMJ',334),('HMMJ',335),('HMMJ',336),('TRX',337),('TRX',338),('TRX',339),('BCH',340),('BCH',341),('BCH',342),('XLM',343),('XLM',344),('XLM',345),('XTZ',346),('XTZ',347),('XTZ',348),('ZEC',349),('ZEC',350),('ZEC',351),('AAPL',352),('AAPL',353),('AAPL',354),('NVAX',355),('NVAX',356),('NVAX',357),('CNC',358),('CNC',359),('CNC',360),('ZM',361),('ZM',362),('ZM',363),('ADS',364),('ADS',365),('ADS',366),('MO',367),('MO',368),('MO',369),('CIT',370),('CIT',371),('CIT',372),('JLL',373),('JLL',374),('JLL',375),('BG',376),('BG',377),('BG',378),('CVX',379),('CVX',380),('CVX',381),('WMB',382),('WMB',383),('WMB',384),('PBR',385),('PBR',386),('PBR',387),('BP',388),('BP',389),('BP',390),('RDSB',391),('RDSB',392),('RDSB',393),('SNOW',394),('SNOW',395),('SNOW',396),('QEP',397),('QEP',398),('QEP',399),('CPE',400),('CPE',401),('CPE',402),('SM',403),('SM',404),('SM',405),('OMI',406),('OMI',407),('OMI',408),('NEL',409),('NEL',410),('NEL',411),('SPCE',412),('SPCE',413),('SPCE',414),('ORSTED',415),('ORSTED',416),('ORSTED',417),('VWS',418),('VWS',419),('VWS',420),('BMY',421),('BMY',422),('BMY',423),('BIDU',424),('BIDU',425),('BIDU',426),('WBA',427),('WBA',428),('WBA',429),('MCK',430),('MCK',431),('MCK',432),('CAH',433),('CAH',434),('CAH',435),('CVS',436),('CVS',437),('CVS',438),('T',439),('T',440),('T',441),('Dash',442),('Dash',443),('Dash',444),('3800',445),('3800',446),('3800',447),('BMRN',448),('BMRN',449),('BMRN',450),('NET',451),('NET',452),('NET',453),('Ryanair',457),('Ryanair',458),('Ryanair',459),('CRWD',460),('CRWD',461),('CRWD',462),('BBBY',463),('BBBY',464),('BBBY',465),('QFIN',466),('QFIN',467),('QFIN',468),('WB',469),('WB',470),('WB',471),('NWL',472),('NWL',473),('NWL',474),('UNFI',475),('UNFI',476),('UNFI',477),('CYH',478),('CYH',479),('CYH',480),('COMM',481),('COMM',482),('COMM',483),('China50',484),('China50',485),('China50',486),('FLR',487),('FLR',488),('FLR',489),('AAL',490),('AAL',491),('AAL',492),('STMP',493),('STMP',494),('STMP',495),('LMND',496),('LMND',497),('LMND',498),('ATVI',499),('ATVI',500),('ATVI',501),('COTY',502),('COTY',503),('COTY',504),('KHC',505),('KHC',506),('KHC',507),('TM',508),('TM',509),('TM',510),('GE',511),('GE',512),('GE',513),('CNX',514),('CNX',515),('CNX',516),('NSDQ100',517),('NSDQ100',518),('NSDQ100',519),('CADE',520),('CADE',521),('CADE',522),('LPSN',523),('LPSN',524),('LPSN',525),('NIO',529),('NIO',530),('NIO',531),('MStanley',537),('MStanley',538),('MStanley',539),('BTC',540),('BTC',541),('BTC',542),('ETH',543),('ETH',544),('ETH',545),('PLTR',547),('PLTR',548),('PLTR',549),('LTC',550),('LTC',551),('LTC',552),('JMIA',553),('JMIA',554),('JMIA',555),('MRK',557),('MRK',558),('MRK',559),('IIPR',563),('00384',564),('00384',565),('00384',566),('2238',567),('2238',568),('2238',569),('RMS',570),('RMS',571),('RMS',572),('INDV',573),('INDV',574),('INDV',575),('LRCX',576),('LRCX',577),('LRCX',578),('F',579),('F',580),('F',581),('MSFT',582),('MSFT',583),('MSFT',584),('XI',585),('XI',586),('XI',587),('MDB',588),('MDB',589),('MDB',590),('GOLD',591),('GOLD',592),('GOLD',593),('ENC',594),('ENC',595),('ENC',596),('CAN',597),('CAN',598),('CAN',599),('MARK',600),('MARK',601),('MARK',602),('CNK',603),('CNK',604),('CNK',605),('U',606),('U',607),('U',608),('BLNK',609),('BLNK',610),('BLNK',611);
/*!40000 ALTER TABLE `ticker_taxonomies` ENABLE KEYS */;
UNLOCK TABLES;
/*!40103 SET TIME_ZONE=@OLD_TIME_ZONE */;

/*!40101 SET SQL_MODE=@OLD_SQL_MODE */;
/*!40014 SET FOREIGN_KEY_CHECKS=@OLD_FOREIGN_KEY_CHECKS */;
/*!40014 SET UNIQUE_CHECKS=@OLD_UNIQUE_CHECKS */;
/*!40101 SET CHARACTER_SET_CLIENT=@OLD_CHARACTER_SET_CLIENT */;
/*!40101 SET CHARACTER_SET_RESULTS=@OLD_CHARACTER_SET_RESULTS */;
/*!40101 SET COLLATION_CONNECTION=@OLD_COLLATION_CONNECTION */;
/*!40111 SET SQL_NOTES=@OLD_SQL_NOTES */;

-- Dump completed on 2020-12-31  1:24:14
